{"cameraMode":{"drawMode":0,"name":"Shaded","section":"Shading Mode"},"sceneLighting":false,"audioPlay":false,"sceneViewState":{"showFog":true,"showMaterialUpdate":false,"showSkybox":false,"showFlares":true,"showImageEffects":true,"showParticleSystems":true},"in2DMode":false,"pivot":{"x":-1.2882213592529297,"y":0.7431011199951172,"z":11.814067840576172},"rotation":{"x":-0.0976446345448494,"y":0.014029345475137234,"z":-0.0013762771850451828,"w":-0.9951273798942566},"size":4.041658401489258,"orthographic":false}