{"cameraMode":{"drawMode":0,"name":"Shaded","section":"Shading Mode"},"sceneLighting":true,"audioPlay":false,"sceneViewState":{"showFog":true,"showMaterialUpdate":false,"showSkybox":true,"showFlares":true,"showImageEffects":true,"showParticleSystems":true},"in2DMode":false,"pivot":{"x":-2.5041933059692385,"y":-2.9622201919555666,"z":9.462807655334473},"rotation":{"x":-0.12594658136367799,"y":0.021426238119602205,"z":-0.0027218216564506294,"w":-0.9918224811553955},"size":24.315832138061525,"orthographic":false}